id;body;body_content_type;shedule_dttm;execution_dttm
1;../fake-data/blob/hipster.png;image/png;2021-07-26T16:14:21;2021-07-26T05:55:35
2;../fake-data/blob/hipster.png;image/png;2021-07-26T16:13:45;2021-07-26T16:25:27
3;../fake-data/blob/hipster.png;image/png;2021-07-26T07:07:51;2021-07-25T19:31:20
4;../fake-data/blob/hipster.png;image/png;2021-07-26T06:08:59;2021-07-26T02:18:10
5;../fake-data/blob/hipster.png;image/png;2021-07-26T03:45:04;2021-07-26T03:47:46
6;../fake-data/blob/hipster.png;image/png;2021-07-26T08:10:53;2021-07-26T07:58:03
7;../fake-data/blob/hipster.png;image/png;2021-07-26T16:55:17;2021-07-26T14:28:42
8;../fake-data/blob/hipster.png;image/png;2021-07-26T04:54:22;2021-07-26T13:11:41
9;../fake-data/blob/hipster.png;image/png;2021-07-26T03:55:12;2021-07-25T20:39:15
10;../fake-data/blob/hipster.png;image/png;2021-07-26T13:45:24;2021-07-26T05:16:53
